tbl_sentiment_analysis_title,tbl_sentiment_analysis_description,tbl_sentiment_analysis_category,tbl_sentiment_analysis_url,tbl_sentiment_analysis_image,tbl_sentiment_analysis_provider,tbl_sentiment_analysis_datePublished,tbl_sentiment_analysis_sentiment
"""Cheap Politics Ruining Rutu's Career""- Top 10 funny memes after India's comfortable win vs Zimbabwe in 5th T20I","Team India beat Zimbabwe comfortably by 42 runs in the fifth T20I on Sunday, July 14, at the Harare Sports Club in Harare. Courtesy of the win, the visiting team won the 5-match series by a 4-1 margin.",Sports,https://www.msn.com/en-us/sports/other/cheap-politics-ruining-rutus-career-top-10-funny-memes-after-indias-comfortable-win-vs-zimbabwe-in-5th-t20i/ar-BB1pYd0y,https://www.bing.com/th?id=OVFT.Yrb1aIOVRBYHf2RkhgJq2i&pid=News,Sportskeeda on MSN.com,14 July 2024,positive
‘House of the Dragon’: Were Rhaenyra’s New Dragonriders Already Revealed?,"Inspired by a conversation with son Jace (Harry Collett) in Season 2 Episode 5, Rhaenyra (Emma D’Arcy) is now exploring the possibility of finding dragonriders in Targaryen descendants. The episode’s final scene may have just made a moment from Episode 3,",Entertainment,https://www.msn.com/en-us/tv/news/house-of-the-dragon-were-rhaenyra-s-new-dragonriders-already-revealed/ar-BB1q25xz,https://www.bing.com/th?id=OVFT.U12UyYtszr4snyvldkNVmS&pid=News,TV Insider on MSN.com,15 July 2024,neutral
‘Major surgery’ in Pakistan cricket begins as PCB rolls out sweeping reforms,"Mohammad Yousuf, Asad Shafiq, current team captains up for selection committee; rigorous fitness assessments on charts",Sports,https://tribune.com.pk/story/2479903/major-surgery-in-pakistan-cricket-begins-as-pcb-rolls-out-sweeping-reforms,https://www.bing.com/th?id=OVFT.xuHeK-aEnarkmtMbX5lYwy&pid=News,The Express Tribune,15 July 2024,neutral
"“Toxic” political polarisation in US, says former diplomat; Biden camp afraid of potential ‘Trump Tsunami’","American democracy is currently highly polarised politically and those rooting for a return of Joe Biden as US President are worried about Democrats losing in a potential “Trump Tsunami,” according to retired diplomat KP Fabian.",Politics,https://theprint.in/world/toxic-political-polarisation-in-us-says-former-diplomat-biden-camp-afraid-of-potential-trump-tsunami/2175091/,https://www.bing.com/th?id=OVFT.-2jGxk5SJouHk-SL8jO1FS&pid=News,ThePrint,15 July 2024,negative
"2024 MLB Home Run Derby loses its excitement factor thanks to new rules, even with nail-biter finish",A monster shot. The 2015 Derby remains my favorite iteration of the event -- 2019 was probably higher quality -- because it was so new and amazingly exciting now with a clock to follow. It helped that then-Reds slugger Todd Frazier won in front of the ...,Sports,https://www.cbssports.com/mlb/news/2024-mlb-home-run-derby-loses-its-excitement-factor-thanks-to-new-rules-even-with-nail-biter-finish/,https://www.bing.com/th?id=OVFT.bKSDpsj6iIyFd-miquyUky&pid=News,CBSSports.com,16 July 2024,mixed
A dark and dangerous new chapter for American politics,Trump received only minor injuries but it was close - a photograph by Doug Mills of the New York Times appears to show the streak of a bullet cutting through the air near the former president’s head. Not since Ronald Reagan was shot by John Hinkley Jr in ...,World,https://www.msn.com/en-us/news/politics/a-dark-and-dangerous-new-chapter-for-american-politics/ar-BB1pWyIL,https://www.bing.com/th?id=OVFT.k4LrVvs5H4gIl_5a5q5xFy&pid=News,BBC on MSN.com,14 July 2024,negative
A New York Official Is Filling Community Boards With Pro-Housing Members,"New York City community boards are known for rejecting development. In Manhattan, one politician is revamping them with appointees who say they are committed to easing the housing crisis.",Politics,https://www.nytimes.com/2024/07/15/nyregion/housing-development-community-boards-mark-levine.html,https://www.bing.com/th?id=OVFT.RoADAZpuIG8EIqiPrMC7kC&pid=News,The New York Times,15 July 2024,neutral
"AFL 2024: Round 18 Report Card, highlights, every club reviewed and graded, best and worst players, stats, latest news",Watch every game of every round this Toyota AFL Premiership Season LIVE with no ad-breaks during play on Kayo. New to Kayo? Start your free trial today > ADELAIDE CROWS. The Crows,Sports,https://www.foxsports.com.au/afl/afl-2024-round-18-report-card-highlights-every-club-reviewed-and-graded-best-and-worst-players-stats-latest-news/news-story/aff2e303fa3c2a9e1688bdf31f106830,https://www.bing.com/th?id=OVFT.rJSe3j1-ih3AsASX_jiuoS&pid=News,Fox Sports,14 July 2024,positive
"After retiring from T20I, Rohit Sharma reveals his stand on international cricket career future","Veteran Indian cricketer Rohit Sharma announced his T20I retirement after lifting the ICC T20 World Cup 2024 in Barbados on June 29. The Men in Blue defeated South Africa in the grand finale by seven runs and lifted the T20 World Cup after a span of 17 years. Previously, the Indian side won the inaugural edition of the global tournament in 2007.",Sports,https://khelnow.com/cricket/rohit-sharma-on-cricket-career-future-202407,https://www.bing.com/th?id=OVFT.x2SdOWmZauKX-irRJrny9i&pid=News,Khel Now,15 July 2024,neutral
"Amazon Prime Day NEW LAUNCHES are here - Smartphones, Laptops, Electronics, Home and Kitchen and many more","Check out the latest Amazon Prime Day 2024 new launches across a range of categories, including smartphones, laptops, electronics, home and kitchen appliances, and more.",ScienceAndTechnology,https://economictimes.indiatimes.com/top-trending-products/news/amazon-prime-day-2024-new-launches-are-here/articleshow/111712461.cms,https://www.bing.com/th?id=OVFT.xlbqzm8edSPmAYFIXMKNjC&pid=News,Indiatimes,13 July 2024,neutral
Andre Russell breaks Travis Head's bat during Major League Cricket match - WATCH,"During the Major League Cricket match between Los Angeles Knight Riders and Washington Freedom at the Church Street Park in Morrisville on Sunday, a p",Sports,https://www.msn.com/en-in/entertainment/tv/watch-police-evict-ticketless-people-as-fans-try-to-sneak-into-stadium-ahead-of-copa-america-final/ar-BB1pZf8B,https://www.bing.com/th?id=OVFT.J35LKyr7eyELam2bu9dlgS&pid=News,The Times of India on MSN.com,15 July 2024,neutral
"Arsenal transfer news LIVE: Riccardo Calafiori LATEST ‘personal terms AGREED’ for switch, Gunners REJECT Nketiah bid","ARSENAL are closing in on Riccardo Calafiori – with personal reportedly terms agreed for Bologna’s £27m defender. Meanwhile, Arsenal are also interested in Spanish youngster Nico",Sports,https://www.thesun.co.uk/sport/27840895/arsenal-transfer-news-live-riccardo-calafiori-bentley-updates/,https://www.bing.com/th?id=OVFT.Z-VuB6-tRtEa69263i3SQC&pid=News,The Sun,13 July 2024,neutral
Arsenal transfer news: Mikel Arteta spells out concern as Declan Rice eyes history,Arsenal's transfer plans have been tweaked because of the Premier League's financial rules contribution to a quieter window than in past summers but Mikel Arteta is still keen on several targets,Sports,https://www.mirror.co.uk/sport/football/news/arsenal-transfer-news-mikel-arteta-33236675,https://www.bing.com/th?id=OVFT.SMvLegWpiIit2doyWL0xLi&pid=News,The Mirror,14 July 2024,neutral
"Aston Villa transfer news live - Major £50m Onana update, medicals booked, Philogene move explained",There has been quite a bit of movement with Lewis Dobbin having signed from Everton and Tim Iroegbunam heading the opposite way - both deals separate from one another. Villa also secured the £37.5m signing of Ian Maatsen from Chelsea and sold Douglas Luiz to Juventus for 50m Euros.,Sports,https://www.birminghammail.co.uk/sport/football/transfer-news/villa-transfers-live-philogene-diaby-29409294,https://www.bing.com/th?id=OVFT.XUmsfPzP_8srST3LZPrkCy&pid=News,Birmingham Mail,13 July 2024,neutral
Australia news LIVE: Labor members slam CFMEU; Trump names JD Vance as running mate,Questions were also raised about whether disbanding the union would push members into the Australian Workers’ Union or whether a new construction union would spring from any ashes. Both could lead to a power struggle for influence and control of internal ...,Politics,https://www.smh.com.au/national/australia-news-live-labor-members-slam-cfmeu-trump-names-jd-vance-as-running-mate-20240716-p5jtyb.html,https://www.bing.com/th?id=OVFT.sLlGhSa_fIjrLxiErHqF-C&pid=News,Sydney Morning Herald,15 July 2024,negative
Bastille Day celebrated in France amid ongoing political crisis,"France celebrated military victories of the past at its annual Bastille Day parade Sunday, while its present political future appeared far from ... hosting rising superpower India's Prime Minister Narendra Modi as they watched France's military might ...",World,https://tribune.com.pk/story/2479699/bastille-day-celebrated-in-france-amid-ongoing-political-crisis,https://www.bing.com/th?id=OVFT.h2NKYgiZkhXRLKTe5P02Zy&pid=News,The Express Tribune,14 July 2024,positive
Bernie Sanders backs Biden in New York Times essay: ‘He must win’,"WASHINGTON – Sen. Bernie Sanders announced Saturday that he will back President Joe Biden in the 2024 presidential campaign, bucking the growing number of leaders in the Democratic Party who say the president should step aside.",Politics,https://www.msn.com/en-us/news/other/bernie-sanders-backs-biden-in-new-york-times-essay-he-must-win/ar-BB1pVsvt,https://www.bing.com/th?id=OVFT.4jV_NVuGqhBbYkk6LELOai&pid=News,USA TODAY on MSN.com,13 July 2024,positive
Biden administration to unveil new actions aimed at lowering housing costs,"The announcement comes against the backdrop of the Republican National Convention, which nominated Donald Trump on Monday night.",Politics,https://www.msn.com/en-us/news/politics/biden-administration-to-unveil-new-actions-aimed-at-lowering-housing-costs/ar-BB1q2HPz,https://www.bing.com/th?id=OVFT.if3jC3WkHCbHH_tnQTLiqi&pid=News,NBC News on MSN.com,16 July 2024,neutral
"BJP represents ""present and future"" of country which will make India developed by 2047: BJP chief Nadda","Union Minister and BJP's national president JP Nadda on Sunday said the Bharatiya Janata Party is the only pan-India party and represents the ""present and future"" of the country which will make India developed by 2047.",India,https://www.msn.com/en-xl/news/other/bjp-represents-present-and-future-of-country-which-will-make-india-developed-by-2047-bjp-chief-nadda/ar-BB1pY1ak,https://www.bing.com/th?id=OVFT.IEyLgAvPPhd1jBioWa6FRC&pid=News,Asian News International on MSN.com,14 July 2024,neutral
Book Excerpt: 'The State Practices And Politics Around the Sacred Cow',"""In a nutshell, cow vigilantism — an activity that till date survived on the margins of law — was now appropriated by the state. Haryana, though is hardly an exception."" In this book, Tanweer Fazal talks about the politics and law around cows.",LifeStyle,https://www.thequint.com/news/politics/book-excerpt-tanweer-fazal-state-practices-and-politics-around-the-sacred-cow,https://www.bing.com/th?id=OVFT.McRrSyymBLphQaZMHsXnlS&pid=News,The Quint,14 July 2024,neutral
Breaking Is Coming to the 2024 Olympics: Learn About the New Event & Meet the Dancers,"Talk about breaking news: The sport of breaking, also known as breakdancing, is making its Summer Olympics debut at this year’s Paris Games. Hoping to lure younger audiences, the International Olympic Committee (IOC) added breaking to the 2024 Summer ...",Sports,https://www.msn.com/en-us/sports/other/breaking-is-coming-to-the-2024-olympics-learn-about-the-new-event/ar-BB1pVCny,https://www.bing.com/th?id=OVFT.W_r0oXlMOTDSSoUFjHgDwy&pid=News,TV Insider on MSN.com,13 July 2024,positive
Breaking News Live Updates: PM Narendra Modi arrives at Anant Ambani-Radhika Merchant's Subha Ashirwad ceremony,PM Narendra Modi has arrived at Anant Ambani-Radhika Merchant's 'Subha Ashirwad' ceremony in Mumbai. Delhi gets relief from humid weather as morning showers bring down temperature,World,https://timesofindia.indiatimes.com/india/breaking-news-live-july-13-national-international/liveblog/111702496.cms,https://www.bing.com/th?id=OVFT.2Ukdv91YFscKLL6NMtmEJi&pid=News,Indiatimes,13 July 2024,positive
"Breaking News Live: China, Russia start joint naval drills, days after Nato allies called Beijing a Ukraine war enabler","China, Russia start joint naval drills, days after Nato allies called Beijing a Ukraine war enabler",World,https://timesofindia.indiatimes.com/india/breaking-news-live-july-15-national-international/liveblog/111741042.cms,https://www.bing.com/th?id=OVFT.j1sQ4Q1ohU0LiTHtYKtRiy&pid=News,Indiatimes,15 July 2024,negative
Bypoll win: People have rejected politics of horse-trading: Himachal CM Sukhu,"A day after winning two of three assembly seats where byelections were held in Himachal Pradesh (HP), chief minister Sukhvinder Singh Sukhu on Sunday said that the people have rejected the politics of horse-trading and a conspiracy to topple the elected ...",Politics,https://www.hindustantimes.com/cities/chandigarh-news/bypoll-win-people-have-rejected-politics-of-horse-trading-himachal-cm-sukhu-101720978699658.html,https://www.bing.com/th?id=OVFT.5qTSOMue46Mp-SROPQsXWC&pid=News,Hindustan Times,14 July 2024,neutral
"Caitlin Clark, Aliyah Boston lead Fever to fourth-quarter comeback over Lynx in latest impressive win","beating the first-place New York Liberty, fourth-place Lynx and sixth-place Phoenix Mercury during this most recent stretch. Looking further back, they are 8-4 in the last month, which is tied for the third-best record in that time frame. Though still ...",Sports,https://www.cbssports.com/wnba/news/caitlin-clark-aliyah-boston-lead-fever-to-fourth-quarter-comeback-over-lynx-in-latest-impressive-win/,https://www.bing.com/th?id=OVFT.lTM1tKxypyNeO2GShhk0JC&pid=News,CBSSports.com,14 July 2024,positive
Can Nirmala Sitharaman blend good economics with shrewd politics?,"As NDA 3.0 prepares for the upcoming budget, Finance Minister Nirmala Sitharaman faces the task of balancing economic growth with political demands. Strong economic indicators allow for potential tax relief for the middle class and increased welfare spending.",Business,https://economictimes.indiatimes.com/markets/stocks/news/can-nirmala-sitharaman-blend-good-economics-with-shrewd-politics/articleshow/111748944.cms,https://www.bing.com/th?id=OVFT.ULQAQMzfDWpB75BhgawRby&pid=News,Indiatimes,15 July 2024,neutral
'Cheap politics': Congress hits back at BJP over its 'Rahul encourages violence against PM' remark,"The Congress on Monday slammed the BJP for accusing Rahul Gandhi of promoting violence against Prime Minister Narendra Modi, stating that "".",Politics,https://www.msn.com/en-in/news/India/cheap-politics-congress-hits-back-at-bjp-over-its-rahul-encourages-violence-against-pm-remark/ar-BB1pZxKF,https://www.bing.com/th?id=OVFT.nX9uTPdjT2u6Wmpc01KgmS&pid=News,Indiatimes on MSN.com,15 July 2024,negative
Check Out Music Video Of The Latest Hindi Song Heer Raanjha Sung By Laqshay Kapoor,Enjoy the latest Hindi song Heer Raanjha sung by Laqshay Kapoor. Lyrics for this captivating track are penned by Sanjeev Chaturvedi. Don't miss the opportunity to watch the latest Hindi video song Heer Raanjha by Laqshay Kapoor and immerse yourself in its mesmerizing melodies.,LifeStyle,https://timesofindia.indiatimes.com/videos/entertainment/music/hindi/check-out-music-video-of-the-latest-hindi-song-heer-raanjha-sung-by-laqshay-kapoor/videoshow/111749212.cms,https://www.bing.com/th?id=OVFT.ndVMBFVgO2xrwGR8We2VRC&pid=News,Indiatimes,15 July 2024,positive
"Common Says He 'Loved' Collaborating with Girlfriend Jennifer Hudson on New Song: 'She Brought It, Man' (Exclusive)","In this week's issue of PEOPLE, Common says he's ""in a great partnership,"" and could see girlfriend Jennifer Hudson as ""the one.""",Entertainment,https://people.com/common-loved-collaborating-girlfriend-jennifer-hudson-on-new-song-exclusive-8677446,https://www.bing.com/th?id=OVFT.8s2phpp8_uxqfe-vtyPJMC&pid=News,People,13 July 2024,neutral
Cricket Australia boss responds to David Warner retirement backflip after legend sensationally offered to return to the international team,"David Warner had already bowed out of 50-over cricket when Australia won last year's ODI World Cup, and his Test retirement became official in January.",Sports,https://www.msn.com/en-us/sports/other/cricket-australia-boss-responds-to-david-warner-retirement-backflip-after-legend-sensationally-offered-to-return-to-the-international-team/ar-BB1q05Pk,https://www.bing.com/th?id=OVFT.tN01wPD0_9brkflxvL20uC&pid=News,Daily Mail on MSN.com,15 July 2024,neutral
Cricket Buzz: Gautam Gambhir’s Annual Salary As India’s Head Coach Is 52% Less Than What He Got To Mentor Kolkata Knight Riders?,Gautam Gambhir has been officially announced as the Indian cricket team's head coach. Here's all you need to know about his rumored salary!,Sports,https://www.koimoi.com/cricket/cricket-buzz-gautam-gambhirs-annual-salary-as-indias-head-coach-is-52-less-than-what-he-got-to-mentor-kolkata-knight-riders/,https://www.bing.com/th?id=OVFT.T8nsCdkjFN7xzm4D7g8mci&pid=News,Koimoi,15 July 2024,neutral
"Cricket, IPL 2025: Ricky Ponting steps down as Delhi Capitals coach","Former Australia batter and captain Ricky Ponting has stepped down as the head coach of the Indian Premier League team Delhi Capitals, the franchise announced on Saturday. The 49-year-old five-time World Cup winner was at the helm of the team for seven seasons, starting from 2018.",Sports,https://scroll.in/field/1070625/cricket-ipl-2025-ricky-ponting-steps-down-as-delhi-capitals-coach,https://www.bing.com/th?id=OVFT.ZxR5Ngqn83Ug5xOMigLBPC&pid=News,Scroll,14 July 2024,neutral
"CS vs GM Dream11 Prediction, Fantasy Cricket Tips, Playing XI, Pitch Report, Player Stats & Injury Updates For Match 19 of Lanka Premier League 2024","Colombo Strikers and Galle Marvels have a balanced head-to-head record, with each team securing 5 wins against each other.",Sports,https://www.probatsman.com/fantasy-cricket-tips/cs-vs-gm-dream11-prediction-lanka-premier-league-2024-match-19,https://www.bing.com/th?id=OVFT.oJ1a_Pl6k5uVsP7LT6RF-i&pid=News,probatsman,15 July 2024,neutral
"CS vs GM: Check our Fantasy Cricket Prediction, Tips, Playing Team Picks for Lanka Premier League 2024, Match 19 on July 15th",It took them just 9.5 overs to complete the formalities as Rahmanullah Gurbaz (57*) and Waseem Muhammad (35*) left their footprints with explosive knocks. Their character will be tested when they face table toppers Galle Marvels against whom they got beaten by 7 runs earlier in the competition.,Sports,https://in.ign.com/dream-11-fantasy-gaming/210657/news/cs-vs-gm-check-our-fantasy-cricket-prediction-tips-playing-team-picks-for-lanka-premier-league-2024,https://www.bing.com/th?id=OVFT.PlkZYePaUEYQamWVq2wrlS&pid=News,IGN,15 July 2024,neutral
Decoding India’s foreign policy under Narendra Modi,"Modi’s policy on the Ukraine-Russia war — neither criticizing nor condoning it — is perceived as unconscionable and unethical in political and human rights circles in Europe, despite his reassurances to the West that India remains firmly committed to maintaining strong ties with them.",World,https://www.ucanews.com/news/decoding-indias-foreign-policy-under-narendra-modi/105709,https://www.bing.com/th?id=OVFT.nd2v5rF2bTJl7XPqHHZkYy&pid=News,UCA News,15 July 2024,negative
Delta Air Lines adopts new rules for flight attendant uniforms,ATLANTA (AP) — Delta Air Lines is changing its employee uniform policy following a turbulent ride through a social media storm started by a passenger’s outrage over two flight attendants photographed wearing Palestinian pins.,LifeStyle,https://www.msn.com/en-us/news/us/delta-air-lines-adopts-new-rules-for-flight-attendant-uniforms-after-palestinian-pin-flap/ar-BB1pVmuE,https://www.bing.com/th?id=OVFT.wWk1w_GhxCs5c0s0BA6zsC&pid=News,The Associated Press on MSN.com,14 July 2024,negative
Delta Air Lines adopts new rules for flight attendant uniforms after Palestinian pin flap,Delta Air Lines is changing its employee uniform policy following a turbulent ride through a social media storm started by a passenger's outrage over two flight attendants photographed wearing Palestinian pins.,LifeStyle,https://www.yahoo.com/news/delta-air-lines-adopts-rules-162231649.html,https://www.bing.com/th?id=OVFT.vMOvouUSNEOcCkfY-83O6y&pid=News,Yahoo,13 July 2024,negative
"Divided land, disputed origins: India's Brokpa people","High in the icy Indian Himalayas, a long-isolated people recall origin myths of millennia-old migrations from afar -- an identity in disputed lands twisted today by politics.Some right-wing Hindus use the term to claim ""Aryan"" ancestors originated in India,",World,https://www.msn.com/en-us/news/world/divided-land-disputed-origins-indias-brokpa-people/ar-BB1pZihY,https://www.bing.com/th?id=OVFT.CIzkZ64Znt-hAY7czq0YbS&pid=News,AFP on MSN.com,15 July 2024,negative
Donald Trump Gets Good News During RNC,"Former President Donald Trump received good swing state polling news on Monday, which is also the first day of the Republican National Convention (RNC) in Milwaukee.",Politics,https://www.msn.com/en-us/news/politics/donald-trump-gets-good-news-during-rnc/ar-BB1q2qri,https://www.bing.com/th?id=OVFT.001mXb_VPQVavxgDkG0MIS&pid=News,Newsweek on MSN.com,15 July 2024,positive
"Donald Trump shooting: PM Modi condemns attack, says ‘violence has no place in politics’","Trump survived an attempt on his life Saturday when a shooter, identified as 20-year-old Thomas Matthew Crooks, fired multiple shots at him at a campaign rally in Pennsylvania, injuring his right ear.",Politics,https://indianexpress.com/article/india/donald-trump-shooting-pm-modi-rahul-gandhi-9452186/,https://www.bing.com/th?id=OVFT.cZVa79j1k9Po6Ho2rs4NSC&pid=News,The Indian Express,14 July 2024,negative
Donald Trump's Dismissed Case May Be 'Good News' for Jack Smith,Trump-appointed Judge Aileen Cannon dismissed the documents case against the former president on Monday in Florida.,Politics,https://www.msn.com/en-us/news/politics/donald-trumps-dismissed-case-may-be-good-news-for-jack-smith/ar-BB1q21g8,https://www.bing.com/th?id=OVFT.eZX8X_57oWQjDlvKu_P4ni&pid=News,Newsweek on MSN.com,15 July 2024,neutral
"Dow Jones scales new peak, S&P 500, Nasdaq gain after Trump win odds rise","The S&P 500 also hit a new intraday high on Monday ... in a note that a second term for Donald Trump could help smallcap stocks outperform. ""The good news is that former President Trump was not injured more than the ear, that he was not killed,"" said ...",Business,https://www.cnbctv18.com/market/us-markets-wall-street-dow-jones-record-high-snp-500-nasdaq-donald-trump-us-elections-2024-fed-19443730.htm,https://www.bing.com/th?id=OVFT.BRwu8RD7BocCjI0Py9CRhy&pid=News,cnbctv18,15 July 2024,positive
England 1 Spain 2 LIVE RESULT: Gareth Southgate future latest after heartbreaking Euro 2024 final loss – updates,"ENGLAND hearts were broken by Mikel Oryazabal as Spain struck late to win Euro 2024. The Three Lions had belief after Cole Palmer stroked home a brilliant equaliser after Nico Williams scored moments after the break. But it was Spain, who had arguably been ...",Sports,https://www.thesun.co.uk/sport/29192373/england-spain-live-score-euro-2024-final-gareth-southgate-updates/,https://www.bing.com/th?id=OVFT.WPbhqjR2-OYkYOX-fDthgS&pid=News,The Sun,15 July 2024,mixed
England vs Spain live updates: Euro 2024 latest score and goal alerts,"Oyarzabal prods home and with four minutes left, SPAIN REGAIN THE LEAD! Advertisement 86' Spain 1-1 England Another injury blow for Spain, as Le Normand signals to the bench that he cannot continue. On comes last season’s Real Madrid captain Nacho, who ...",Sports,https://www.nytimes.com/athletic/live-blogs/england-spain-live-updates-euro-2024-final-score-result/T1jQng4KWoo4/,https://www.bing.com/th?id=OVFT.zp_5fk4gcYBraMCNhN7xBy&pid=News,The New York Times,14 July 2024,negative
"England vs Spain LIVE: Team news hint, Three Lions multi-million bonus, Bellingham hammered",England take on Spain in the Euro 2024 final at the Olympiastadion in Berlin as Gareth Southgate looks to lead the Three Lions to their first major international trophy since 1966,Sports,https://www.mirror.co.uk/sport/football/news/euro-2024-final-live-england-33226866,https://www.bing.com/th?id=OVFT.GtL093Zs6wy_XJxNmc__Gy&pid=News,The Mirror,13 July 2024,neutral
England's kit set for brand new change if they beat Spain and win Euro 2024 with champion to follow Italy and Portugal in showing off eye-catching feature in matches,Gareth Southgate's side are bidding to win their first major men's trophy since 1966 in Berlin after beating the Netherlands in the semi-finals on Wednesday.,Sports,https://www.msn.com/en-gb/sport/football/englands-kit-set-for-brand-new-change-if-they-beat-spain-and-win-euro-2024-with-champion-to-follow-italy-and-portugal-in-showing-off-eye-catching-feature-in-matches/ar-BB1pVGKO,https://www.bing.com/th?id=OVFT.nrqczBFLT4V2EoomwFsFoS&pid=News,Daily Mail on MSN.com,13 July 2024,neutral
Even Fox News and CNN agree on Biden speech after Trump assassination attempt,"President Joe Biden slipped (""battle box"") in his speech about turning down political rhetoric after Trump shooting, but even Fox News liked it.",Politics,https://www.azcentral.com/story/entertainment/media/2024/07/14/biden-speech-cnn-fox-news/74402346007/,https://www.bing.com/th?id=OVFT.17eQAZ_OxHeO7qqk698Tai&pid=News,AZ Central,15 July 2024,neutral
Exploring New Mexico: A travel guide to the Land of Enchantment,"New Mexico, often called the Land of Enchantment ... Breana Scheckwitz is an SEO Editor at Fox News Digital. Fun stories about food, relationships, the great outdoors and more.",LifeStyle,https://www.msn.com/en-us/travel/tripideas/exploring-new-mexico-a-travel-guide-to-the-land-of-enchantment/ar-BB1pXOJr,https://www.bing.com/th?id=OVFT.YPB7IttIpT19rOEgjOHGXS&pid=News,Fox News on MSN.com,14 July 2024,positive
Five players who have found new clubs after Everton exits as Amadou Onana prepares to depart,The sale of Amadou Onana would mark the latest exit in a summer of transition at Everton. It has long been clear this summer would present an opportunity for director of football Kevin Thelwell to reshape the squad and the departure of the 22-year-old would be another symbol of that.,Sports,https://www.msn.com/en-gb/sport/football/five-players-who-have-found-new-clubs-after-everton-exits-as-amadou-onana-prepares-to-depart/ar-BB1pWMpp,https://www.bing.com/th?id=OVFT.PADWgVYDQ5MVlED7zY5J2C&pid=News,Liverpool Echo on MSN.com,14 July 2024,neutral
Former Oilers Defender Announces New Addition,"Former Oilers defender Ethan Bear has some news of his own. He and his wife have welcomed their second child, Bella Faye Josephine Bear. They made the announcement on Sunday July 14th.",Sports,https://www.msn.com/en-us/sports/nhl/former-oilers-defender-announces-new-addition/ar-BB1q2kay,https://www.bing.com/th?id=OVFT.pXxoXpFfFWIt8kad2wLhrS&pid=News,The Hockey News on MSN.com,15 July 2024,positive
Fox News anchors on 'suspense' surrounding Republican convention,"Uncertainty about Biden's future in the race could play out at the RNC, and the VP announcement will be another element of suspense.",Politics,https://www.msn.com/en-us/news/politics/fox-news-anchors-on-suspense-surrounding-republican-convention/ar-BB1pVlAH,https://www.bing.com/th?id=OVFT.KwwwpXoDa6Y-dMmiyKteGi&pid=News,USA Today on MSN.com,13 July 2024,negative
From granite peaks to howling wolves: Fox Nation's 'Park'd' takes exciting excursions in brand new season,"Fox Nation's ""Park'd,"" hosted by Abby Hornacek, will take viewers on a series of exciting new excursions for its seventh season slated to debut on July 15.",LifeStyle,https://www.msn.com/en-us/travel/other/from-granite-peaks-to-howling-wolves-fox-nation-s-park-d-takes-exciting-excursions-in-brand-new-season/ar-BB1q07RG,https://www.bing.com/th?id=OVFT.6SrryZKCMF_2v7VTFjMj-i&pid=News,Fox News on MSN.com,15 July 2024,neutral
From Podiums to the Present: A detailed look at the lives and careers of India's Olympic medal winners,With Paris Games 2024 around the corner let's know what India's Olympic medal winners are doing now. Notably Paris Olympics is set to start from July 26.,Sports,https://www.msn.com/en-in/sports/other/from-podiums-to-the-present-a-detailed-look-at-the-lives-and-careers-of-indias-olympic-medal-winners/ar-BB1pZKki,https://www.bing.com/th?id=OVFT.KYB05c-KuVeXvziNx_Vdii&pid=News,Sports Tak (English) on MSN.com,15 July 2024,neutral
Gauteng doubles down on new state-owned bank,The Gauteng Provincial Government is looking to go full steam ahead to establish a state-owned provincial bank in partnership with the private sector.,Business,https://businesstech.co.za/news/government/782495/gauteng-doubles-down-on-new-state-owned-bank/,https://www.bing.com/th?id=OVFT.NxHI_CT2W25ObRxT-7hjyy&pid=News,businesstech.co.za,15 July 2024,neutral
Government Wants BCCI to Stop Showing Tobacco Ads at Cricket Stadiums: Report,"If the Union health ministry has its way, the ubiquitous surrogate advertisements designed to promote tobacco products will soon become history at cricket stadiums in India. According to a report, the ministry is set to ask the BCCI to stop showing such ads at venues during cricket matches.",Sports,https://www.msn.com/en-in/news/other/government-wants-bcci-to-stop-showing-tobacco-ads-at-cricket-stadiums-report/ar-BB1q0jCM,https://www.bing.com/th?id=OVFT.yiA4mQLC1Xpe-PLAN1Uxci&pid=News,News18 on MSN.com,15 July 2024,neutral
Haryana Diary: Major political role for CM’s wife,"Though she was not visible in political circles before her husband replaced Manohar Lal Khattar as the Chief Minister, she campaigned for her husband in the Karnal Assembly constituency during the recent Assembly byelection. However, the BJP seems to have ...",Politics,https://www.tribuneindia.com/news/haryana/haryana-diary-major-political-role-for-cms-wife-639901,https://www.bing.com/th?id=OVFT.MxkE0gnD3ectv0_XgDZeiC&pid=News,The Tribune,15 July 2024,neutral
"Health Ministry To Ask BCCI To Ban Tobacco Ads During Cricket Matches, Remove Pan Masala Hoardings From Arun Jaitley Stadium","The Union Health Ministry is set to request the Board of Control for Cricket in India (BCCI) to halt the display of smokeless tobacco advertisements during cricket matches. This appeal includes the removal of surrogate ads from gutka brands, which are often promoted by Bollywood celebrities and former cricketers, as reported by Mint.",ScienceAndTechnology,https://www.msn.com/en-in/sports/cricket/health-ministry-to-ask-bcci-to-ban-tobacco-ads-during-cricket-matches-remove-pan-masala-hoardings-from-arun-jaitley-stadium/ar-BB1pZWlP,https://www.bing.com/th?id=OVFT.A5sUjCFWN1PpJQVQmK52Py&pid=News,Free Press Journal on MSN.com,15 July 2024,neutral
Health ministry to ask BCCI to stop showing tobacco ads during cricket match,"The union health ministry is planning to ask the Board of Control for Cricket in India (BCCI) to stop showing smokeless tobacco advertisements, especially surrogate ads for 'gutka' endorsed by Bollywood celebrities in cricket grounds. Several cricket ...",World,https://www.msn.com/en-in/news/other/health-ministry-to-ask-bcci-to-stop-showing-tobacco-ads-during-cricket-match/ar-BB1pXEqu,https://www.bing.com/th?id=OVFT.Pu0oTKcoYYe2OttHpUqowy&pid=News,Mint on MSN.com,15 July 2024,neutral
Here's the Latest 2025 Social Security COLA Estimate -- and Why It's Both Good News and Bad News for Retirees,"Even with moderating inflation, there's still a big problem for retirees with whatever next year's COLA will be.",Business,https://www.msn.com/en-us/money/retirement/here-s-the-latest-2025-social-security-cola-estimate-and-why-it-s-both-good-news-and-bad-news-for-retirees/ar-BB1q014J,https://www.bing.com/th?id=OVFT.PnqnONnLwpuJWqagB694nS&pid=News,The Motley Fool on MSN.com,15 July 2024,negative
How Donald Trump might make it harder to vote if he wins a new term,"As Donald Trump prepares to accept the Republican presidential nomination, the ACLU warns that his administration would make it harder to vote.",Politics,https://www.usatoday.com/story/news/politics/elections/2024/07/13/trump-win-voting-rights-effect/74384702007/,https://www.bing.com/th?id=OVFT.MWIzMsQVioRQFG14xq1kai&pid=News,USA Today,13 July 2024,negative
How Vote Reflects Farmers’ View on India’s BJP’s Agrarian Policy Amid Climate Change,"Political parties often play lip service to climate change, but farmers ensured their views were heard during the recent general elections in India.",World,https://www.ipsnews.net/2024/07/vote-reflects-farmers-view-indias-bjps-agrarian-policy-amid-climate-change-challenges/,https://www.bing.com/th?id=OVFT.KkEjK4a690cFUTBD2ET9qC&pid=News,Inter Press Service,15 July 2024,neutral
Hull City transfer latest as Tim Walter sends 'numbers' message after pre-season opener,Hull City boss Tim Walter remains relaxed about the club's transfer activity with less than four weeks to go until the start of the new Championship campaign. City kicked off the Walter era with a 1-1 draw against Super Lig side Kasimpasa on Saturday ...,Sports,https://www.hulldailymail.co.uk/sport/football/transfer-news/hull-city-transfer-latest-tim-9409784,https://www.bing.com/th?id=OVFT.klDVfvMX8tPPpuTEKpJtVC&pid=News,Hull Daily Mail,14 July 2024,positive
India-Pakistan Cricket Series Faces Govt. Hurdle: BCCI,"According to a PCB source, in the event that the team declines to travel here for the Champions Trophy the following year, citing a travel ban due to security concerns, the Pakistan Cricket Board will require the BCCI to submit documented evidence of the ...",Sports,https://www.msn.com/en-in/news/other/india-pakistan-cricket-series-faces-govt-hurdle-bcci/ar-BB1q08m8,https://www.bing.com/th?id=OVFT.eXxmEZO8Azml50k-84KxRi&pid=News,Cricket Country on MSN.com,15 July 2024,negative
Jalen Brunson forfeits $113 in new Knicks deal — was it the right move?,"Because of the new CBA, it gives the Knicks big advantages going forward ... Get all the stories you need-to-know from the most powerful name in news delivered first thing every morning to your inbox.",Sports,https://www.foxnews.com/sports/jalen-brunson-forfeits-113-new-knicks-deal-right-move,https://www.bing.com/th?id=OVFT.Kn7ZI-VcgnlVGNGTpotk6S&pid=News,Fox News,15 July 2024,positive
Judge Aileen Cannon cleaned up her own mess by making a new one,"In dismissing Trump's classified documents case, Cannon found the worst way possible to clear the lengthy backlog of motions she had yet to rule on.",ScienceAndTechnology,https://www.msn.com/en-us/news/politics/judge-cannon-has-washed-her-hands-of-her-mar-a-lago-mess/ar-BB1q2bPv,https://www.bing.com/th?id=OVFT.B1wim12wK5lp9FgK7mk48i&pid=News,MSNBC on MSN.com,15 July 2024,negative
"Kenya vs Nigeria Live Cricket Score, 3rd T20, Nigeria in Kenya, 5 T20I Series, 2024, July 15, 2024","19.2: Francis Mutua to Taiwo Mohammed, 2 runs, played towards point. 19.1: Francis Mutua to Vincent Adewoye, 1 run, played towards third man. 18.6: Gerard Mwendwa to Taiwo Mohammed, No run. 18.5: Gerard Mwendwa to Taiwo Mohammed, 2 runs, played towards mid ...",LifeStyle,https://www.dnaindia.com/live-cricket-score/kenya-vs-nigeria-3rd-t20-nig-in-ken-5-t20is-2024-match-111593,https://www.bing.com/th?id=OVFT.uQwtebqBLshf6_-ZiUj9ay&pid=News,DNA India,15 July 2024,neutral
"Kim Kardashian says India has her heart, shares picture with Anant, Radhika","Anant Ambani and Radhika Merchant's wedding in Mumbai from July 12-14 was a lavish event attended by many political figures and global celebrities, including Kim and Khloe Kardashian. Kim shared exclusive photos from the celebration on Instagram.",Entertainment,https://www.moneycontrol.com/entertainment/kim-kardashian-says-india-has-her-heart-shares-picture-with-anant-radhika-article-12769184.html,https://www.bing.com/th?id=OVFT.KXVMp4fxivEHgefBpDLcwy&pid=News,moneycontrol.com,15 July 2024,neutral
"King Charles and Queen Camilla to visit Australia, but not New Zealand, in scaled back royal tour","Picture: Chris Jackson/Pool/AFP “In close consultation with the Australian and New Zealand Prime Ministers ... Just weeks after receiving the cancer news, Charles was still insisting on visiting Australia as part of the CHOGM meeting because of his ...",Politics,https://www.theaustralian.com.au/world/king-charles-and-queen-camilla-to-visit-australia-but-not-new-zealand-in-scaled-back-royal-tour/news-story/3c3717b8050fc6682d275d059d24e1d4,https://www.bing.com/th?id=OVFT.CO4yAILDaz4LBd-iZndVXi&pid=News,The Australian,14 July 2024,neutral
Kyle Walker shares a sweet kiss with his son as wife Annie Kilner and new baby attend England vs Spain Euros 2024 final,"Although the WAG was present at every England match, she had apparently vowed 'not to play happy families' with her husband in Germany.",Sports,https://www.dailymail.co.uk/tvshowbiz/article-13635137/kyle-walker-kiss-son-annie-kilner-england-spain-euros-2024-final.html,https://www.bing.com/th?id=OVFT.L7LO0RNxPPb0ysdKpX45dS&pid=News,Daily Mail,15 July 2024,neutral
Laurent Blanc named Al-Ittihad’s new coach,"Ittihad's new coach, replacing Marcelo Gallardo, the Saudi Pro League club announced on Saturday.""Welcome to Al-Ittihad, Coach Laurent Blanc,"" Al-Ittihad posted on the X social media platform without providing more details on the contract.",Sports,https://www.channelnewsasia.com/sport/laurent-blanc-named-al-ittihads-new-coach-4478091,https://www.bing.com/th?id=OVFT.u-IZXlVvA2gETCi2dy2nIi&pid=News,Channel NewsAsia Singapore,14 July 2024,neutral
Little makes 'passionate' Ireland Test cricket promise,"Fast bowler Josh Little is ""passionate"" about Test cricket and says he will definitely play the format for Ireland in the future.",Sports,https://www.msn.com/en-us/sports/other/little-makes-passionate-ireland-test-cricket-promise/ar-BB1pZI6W,https://www.bing.com/th?id=OVFT.Gn6h-WtVCLULrv8iUk4qyy&pid=News,BBC on MSN.com,15 July 2024,positive
"Live AFL scores 2024, West Coast Eagles vs Brisbane Lions, Round 18: Updates, stats, how to watch, stream, video, team news, blog","Watch every game of every round this Toyota AFL Premiership Season LIVE with no ad-breaks during play on Kayo. New to Kayo? Start your free trial today > Interim Eagles coach made his first big call in the hot seat, dropping premiership forward Jack ...",Sports,https://www.foxsports.com.au/afl/live-afl-scores-2024-west-coast-eagles-vs-brisbane-lions-round-18-updates-stats-how-to-watch-stream-video-team-news-blog/news-story/f9a3e43f131a1e44fb12abd0a3de51e9,https://www.bing.com/th?id=OVFT.bLO7fHxrP3JiUphFn9hhIi&pid=News,Fox Sports,14 July 2024,positive
"Live coverage: Trump shooting suspect latest, Melania Trump releases statement","9:15 a.m. In a new post on his social media network ... Donald Trump Jr. also told FOX News Digital in a statement that his father was in ""great spirits."" The Federal Bureau of Investigation has identified 20-year-old Thomas Mathew Crooks as the shooter ...",World,https://www.fox29.com/news/live-coverage-trump-shooting-suspect-latest-sunday-2024,https://www.bing.com/th?id=OVFT.CB90rGDG-lChdgqyG1xVWC&pid=News,FOX 29,14 July 2024,neutral
Liverpool transfer news Reds 'prepare' to trigger £50m Dani Olmo deal plus Joao Neves update,"Reports in Portugal continue linking the club with Benfica midfielder Joao Neves, with Liverpool allegedly having a £51million bid turned down. Chelsea, Manchester United and Paris Saint-Germain are also credited with an interest, but the Portuguese club will reportedly not accept less than the player's £101million release clause.",Sports,https://www.liverpoolecho.co.uk/sport/football/transfer-news/liverpool-transfer-news-live-neves-29493609,https://www.bing.com/th?id=OVFT.n22WhJrixnmJfMPpSqqFIi&pid=News,Liverpool Echo,13 July 2024,neutral
Locals support plans for new rules on holiday lets,"In Abersoch, one man says locals who want to buy or rent in the town are no longer able to because ""they're all holiday homes."" Opponents have said the council is deliberately trying to ""crash the housing market"" and it could devalue every residential property in the county.",Politics,https://www.bbc.com/news/videos/cp68yn0619jo,https://www.bing.com/th?id=OVFT.2wOUqbq0CaoFTmQGnM6KuS&pid=News,BBC,15 July 2024,neutral
"Major League Cricket 2024 - Match 13, SO vs SFU - Cricket Betting Tips and Match Predictions: July 15","Here are the Fantasy Cricket Predictions and Betting Tips for the Major League Cricket Match 13- Seattle Orcas vs San Francisco Unicorns, which will be played on the 13th of July at the Church Street Park,",Sports,https://www.cricketworld.com/major-league-cricket-2024-match-13-so-vs-sfu-cricket-betting-tips-and-match-predictions-july-15/95702.htm,https://www.bing.com/th?id=OVFT.NaPH6XXTVOcFVOjWvPfYlC&pid=News,Cricket World,15 July 2024,neutral
Major League Cricket Tips Matches 13 and 14: Back top Pat bet at 40/1,"Lungi Ngidi is available for Seattle after Wayne Parnell, the captain, was forced to withdraw presumably with an injury. Nandre Burger could miss out. Seattle need a spark after two defeats in three left them bottom of the table. Probable XI: Rickleton ...",Sports,https://betting.betfair.com/cricket/20-twenty-cricket/major-league-cricket-tips-matches-13-and-14-back-pat-cummins-top-bat-bet-at-40-1-150724-194.html,https://www.bing.com/th?id=OVFT.0ao_ifJOTaZ8fY1elLROLC&pid=News,Betfair,15 July 2024,negative
Major League Cricket: Pat Cummins to Join San Francisco Unicorns Squad,"Pat Cummins is set to return to the USA once again. The Australian fast bowler, last seen in action during the T20 World Cup in the United States and West Indies, will join the San Francisco Unicorns midway through the ongoing Major League Cricket season.",Sports,https://www.msn.com/en-in/sports/cricket/major-league-cricket-pat-cummins-to-join-san-francisco-unicorns-squad/ar-BB1pZSJa,https://www.bing.com/th?id=OVFT.EvYIAASYYBfk7hrOBpxkky&pid=News,News18 on MSN.com,15 July 2024,neutral
"Man Utd transfer news LIVE: Willy Kambwala SIGNS for Villarreal, Joshua Zirkzee CONFIRMED, Greenwood latest EXCLUSIVE","MASON GREENWOOD’S Marseille transfer is now under THREAT, SunSport can reveal. Meanwhile, the club have confirmed that Ruud van Nistelrooy will join the club as an assistant coach. United",Sports,https://www.thesun.co.uk/sport/27841556/man-utd-transfer-news-live-joshua-zirkzee-de-ligt-updates/,https://www.bing.com/th?id=OVFT.XGnK_Iw-gfVtW2rzDBvahy&pid=News,The Sun,15 July 2024,neutral
"Markets live: ASX to open flat, Wall Street hits new record high on bets of Donald Trump presidency","The Australian share market is likely to start its day marginally lower, but still near its record high levels, while Wall Street surged on bets of a second Trump presidency and interest rate cuts. Follow live.",Business,https://www.msn.com/en-au/money/markets/markets-live-asx-to-open-flat-wall-street-hits-new-record-high-on-bets-of-donald-trump-presidency/ar-BB1q2hqV,https://www.bing.com/th?id=OVFT.NawDM3proWUjeyeyjAHgoi&pid=News,ABC Business on MSN.com,15 July 2024,neutral
"Meet Na Kyung-won, the Woman Who Could Start a Whole New Nuclear Standoff","The new guidelines, said the South’s Yonhap News, were designed “to help assuage deepening security concerns in South Korea and reaffirm Seoul’s commitment to the non-nuclear proliferation regime,” The carefully crafted verbiage was not likely ...",World,https://www.thedailybeast.com/na-kyung-won-the-woman-who-could-start-a-whole-new-nuclear-standoff,https://www.bing.com/th?id=OVFT.5qpMWDzY6U_ciRtD5Wk6KS&pid=News,The Daily Beast,14 July 2024,neutral
"More than 100 years after Fátima, New Jersey Knights of Columbus promotes similar message",The “Living Our Faith to Restore Our Nation” resolution was officially approved this past March by the Knights of Columbus Order of the Fourth Degree.,Politics,https://www.catholicnewsagency.com/news/258274/100-years-after-july-13-fatima-apparition-new-jersey-knights-of-columbus-promotes-similar-message,https://www.bing.com/th?id=OVFT.ED6Ntly5ChG8JjqYGdDH6S&pid=News,Catholic News Agency,13 July 2024,neutral
My New Favorite Drama-Filled Thriller Is on Netflix—and It Has 183 Wild Episodes,"My favorite new drama-filled thriller is on Netflix, and it’s called ‘La Reina del Sur’. The telenovela starring Kate del Castillo has 183 wild episodes so I highly recommend you start streaming the hit show now.",Entertainment,https://www.msn.com/en-us/entertainment/news/my-new-favorite-drama-filled-thriller-is-on-netflix-and-it-has-183-wild-episodes/ar-BB1q2m5x,https://www.bing.com/th?id=OVFT.oSp5LFGp6qin2LerpWlVWi&pid=News,purewow on MSN.com,16 July 2024,positive
NASCAR News: Alex Bowman Disappointed - Reveals What Went Wrong At Pocono Raceway,"Alex Bowman has expressed disappointment after missing out on a victory at Pocono Raceway despite a strong showing, reflecting on opportunities lost and the need for continued improvement as he aims for success for his number 48 car and team.",Sports,https://www.msn.com/en-us/sports/other/nascar-news-alex-bowman-disappointed-reveals-what-went-wrong-at-pocono-raceway/ar-BB1q0cOu,https://www.bing.com/th?id=OVFT.zaRi97OR0JVt8aXezTy3Fi&pid=News,Newsweek on MSN.com,15 July 2024,negative
NBA News: Bronny James admits he might not be ready to play with Lakers and LeBron James,"Bronny James is feeling the pressure as a new member of the Los Angeles Lakers. A few weeks ago, the son of LeBron James was selected with the No.55 pick in the 2024 NBA Draft and, since that moment on, many fans and experts have constantly expressed a lot of criticism toward the rookie.",Sports,https://www.msn.com/en-us/sports/nba/nba-news-bronny-james-admits-he-might-not-be-ready-to-play-with-lakers-and-lebron-james/ar-BB1pVif0,https://www.bing.com/th?id=OVFT.-vckeZPIoume8LJGNuP6IS&pid=News,bolavip on MSN.com,13 July 2024,neutral
New Foreign Secretary Vikram Misri's China stint to count in ongoing global political turmoil,"Vikram Misri, who took over as India's Foreign Secretary on Monday, has served in various capacities at the Ministry of External Affairs (MEA) headquarters in New Delhi, various Indian Missions all over the world,",India,https://www.ibtimes.co.in/new-foreign-secretary-vikram-misris-china-stint-count-ongoing-global-political-turmoil-870161,https://www.bing.com/th?id=OVFT.VQlokcA2rbAF9HPq_z5cXS&pid=News,IBTimes India,15 July 2024,neutral
New fundraising push for Chatsworth cascade repair,A new fundraising push has been launched for a famous water feature at Chatsworth House that requires repairs costing £7m. The water that used to run down a cascade of 23 stone steps at the Derbyshire attraction has been turned off because it was leaking and causing structural damage to a tunnel underneath.,Politics,https://www.bbc.co.uk/news/articles/clwyr24ell8o,https://www.bing.com/th?id=OVFT.2C4fn7IhQ_nRgBKSPJ0EOS&pid=News,BBC,15 July 2024,negative
New IMPD leader wants to take major step in community engagement,Listening is part of Maj. Corey Mims foundation as he leads the team at IMPD's community engagement and outreach for the first time.,LifeStyle,https://www.msn.com/en-us/news/us/new-impd-leader-wants-to-take-major-step-in-community-engagement/ar-BB1q2tie,https://www.bing.com/th?id=OVFT.B9LJB_Fl4b1rpQ8RBQncgi&pid=News,WISH-TV on MSN.com,15 July 2024,neutral
"New search launched for body of woman kidnapped, killed 54 years ago after being mistaken for Rupert Murdoch's wife",Two brothers kidnapped Muriel McKay in 1969 for a £1 million ransom -- thinking that she was Rupert Murdoch's second wife.,World,https://www.msn.com/en-us/news/crime/new-search-for-1969-murder-victim-mistaken-for-rupert-murdochs-wife/ar-BB1q1iFg,https://www.bing.com/th?id=OVFT.K-3sJlH2sVNW588ugDBt1i&pid=News,CBS News on MSN.com,15 July 2024,negative
New UAE Minister of Defence after 53 years: What you need to know about Cabinet reshuffle,"In its second Cabinet reshuffle of 2024, the UAE made a significant announcement, appointing a new Minister of Defence (MoD). On Sunday (July 14), the Duba..",World,https://www.msn.com/en-ae/news/national/new-uae-minister-of-defence-after-53-years-what-you-need-to-know-about-cabinet-reshuffle/ar-BB1q04TQ,https://www.bing.com/th?id=OVFT.Tl__qK3hAxq3Wrqc8G5urC&pid=News,Khaleej Times on MSN.com,15 July 2024,neutral
New York's first female fire commissioner says she will resign once a replacement is found,The first female commissioner of the Fire Department of New York said Saturday that she plans to step down because it's time to “pass the torch” after two years in the job. Laura Kavanagh didn't say when she plans to resign.,Politics,https://www.msn.com/en-us/news/us/new-yorks-first-female-fire-commissioner-says-shell-resign-once-a-replacement-is-found/ar-BB1pVFsr,https://www.bing.com/th?id=OVFT.1brz-UHjKkSPfXxQxdSDni&pid=News,The Associated Press on MSN.com,13 July 2024,neutral
Nightclubs facing new requirements in Orlando,"ORLANDO, Fla. - Nightclubs in downtown Orlando could soon face new regulations. On Monday, city commissioners voted 6-1 on the first reading of an ordinance to introduce distance requirements for any new clubs. Some commissioners believe spacing out clubs ...",Politics,https://www.fox35orlando.com/news/nightclubs-facing-new-requirements-orlando,https://www.bing.com/th?id=OVFT.AtJI31SmJDg1Ov3WLGr1Ii&pid=News,WOFL,16 July 2024,neutral
"Oil holds ground amid political uncertainty in US, Mideast","Brent crude futures slid 13 cents, or 0.2 per cent, to $84.90 a barrel by 0640 GMT after settling down 37 cents on Friday. US West Texas Intermediate crude stood at $82.15 a barrel, down 6 cents, or 0.",Business,https://www.msn.com/en-ae/money/news/oil-regains-ground-on-political-uncertainty-in-us-mideast/ar-BB1pZA0m,https://www.bing.com/th?id=OVFT.gMBz4-DcmvVrbzG76q-eOS&pid=News,Khaleej Times on MSN.com,15 July 2024,neutral
"Oli Returns as Nepal's Fifth PM in Five Years, Promising Political Stability","Dahal was forced to prove his majority for the fifth time during a tumultuous 20-month tenure after UML withdrew support to his Communist Party of Nepal (Maoist Center) and formed a new alliance with NC, the largest party in parliament.",World,https://www.usnews.com/news/world/articles/2024-07-15/oli-returns-as-nepals-fifth-pm-in-five-years-promising-political-stability,https://www.bing.com/th?id=OVFT.7mip1LE_Niyp_dJrPVCXny&pid=News,U.S. News & World Report,15 July 2024,negative
OpenAI's secret weapon: New AI reasoning technology under code name ‘Strawberry’,"OpenAI, the company behind ChatGPT, is developing a secretive AI project code-named ""Strawberry"" designed to significantly enhance AI reasoning capabilities, potentially leading to breakthroughs in autonomous research and problem-solving.",ScienceAndTechnology,https://www.msn.com/en-in/money/topstories/openais-secret-weapon-new-ai-reasoning-technology-under-code-name-strawberry/ar-BB1pUUW6,https://www.bing.com/th?id=OVFT.sCHkhmEMcMrNmg1coFOj6i&pid=News,Business Today on MSN.com,13 July 2024,neutral
Opinion: Donald Trump's New Mr. Nice Guy Act Doesn't Even Last A Day,"He was a ban summoned from the gates of death in the new telling of the Pilgrim's Progress (Trump edition) Monday morning. It was also complete bullshit. Early on Monday morning when news came through that a Florida judge (and, totally coincidentally ...",World,https://ca.yahoo.com/news/opinion-donald-trumps-unity-platform-201050619.html,https://www.bing.com/th?id=OVFT.JWmBKT3LVdm7g5W1AW1NMS&pid=News,Yahoo News Canada,15 July 2024,negative
Pakistan threaten to boycott 2026 World Cup if India refuse to travel for Champions Trophy 2025,The Pakistan Cricket Board (PCB) is hell bent on hosting the marquee event entirely in the country and is not willing to consider the hybrid model.,Sports,https://odishatv.in/news/sports/pakistan-threaten-to-boycott-2026-world-cup-if-india-refuse-to-travel-for-champions-trophy-2025-239207,https://www.bing.com/th?id=OVFT.YAxGcMKAPr7Rmvcj1Y1Jgi&pid=News,Odisha TV,14 July 2024,negative
Pat Cummins to miss Australia's limited-overs cricket tour to England and Scotland,Australia is scheduled to play three T20s against Scotland and five one-day internationals against England in September,Sports,https://www.msn.com/en-in/sports/cricket/cummins-to-miss-australias-limited-overs-cricket-tour-to-england-and-scotland/ar-BB1pZzRR,https://www.bing.com/th?id=OVFT.oeLnsIkXQvkRmwCUq0_RHS&pid=News,The New Indian Express on MSN.com,15 July 2024,neutral
Race for New York City mayor unofficially kicks off with first round of fundraising,The unofficial start to the 2025 mayoral election is kicking off on Monday with candidates in the already crowded field set to release fundraising figures.,Politics,https://www.msn.com/en-us/news/other/race-for-new-york-city-mayor-unofficially-kicks-off-with-first-round-of-fundraising/ar-BB1q0bsO,https://www.bing.com/th?id=OVFT.p4qLEe-IBQHVTLe3QODlDi&pid=News,New York Post on MSN.com,15 July 2024,neutral
"Rohit Sharma hints at retirement from ODI, Test cricket but not...","Rohit Sharma quashes retirement rumors, confirming continued play in Test and ODI formats. Latest updates on India captain's future plans and recent achievements.",Sports,https://odishatv.in/news/sports/rohit-sharma-hints-at-retirement-from-odi-test-cricket-but-not-239277,https://www.bing.com/th?id=OVFT.lE_FdlGTPQNzATupa0AsoS&pid=News,Odisha TV,15 July 2024,neutral
"Rosenborg vs Manchester United LIVE! Friendly match stream, latest team news, lineups, TV, prediction today",Live stream: Fans can also catch the contest live online via the MUTV app and website. Live blog: You can follow all the action on matchday via Standard Sport ’s live blog. Good afternoon and welcome to Standard Sport’s LIVE coverage of Manchester United’s pre-season friendly against Roseborg. Kick-off from the Lerkendal Stadion is at 5pm BST.,Sports,https://www.msn.com/en-us/sports/soccer/rosenborg-vs-manchester-united-live-friendly-match-stream-latest-team-news-lineups-tv-prediction-today/ar-BB1q0Vd5,https://www.bing.com/th?id=OVFT.EJnoQWb5wPyWrwMS6UuQly&pid=News,London Evening Standard on MSN.com,15 July 2024,positive
"Sanju Samson joins Virat Kohli, Rohit Sharma in elite list in T20 cricket","Sanju Samson shone brightly for India in the fifth T20I against Zimbabwe at Harare Sports Club on Sunday and played a superb knock with the bat. Samson scored 58 runs from 45 balls, including one four and four sixes. His performance helped India reach a ...",Sports,https://www.mykhel.com/cricket/sanju-samson-joins-virat-kohli-rohit-sharma-in-elite-list-in-t20-cricket-293659.html,https://www.bing.com/th?id=OVFT.1YbITiiKnb6GiJctOBXeYy&pid=News,mykhel,14 July 2024,positive
"Scott McTominay Manchester United exit latest - Galatasaray offer, £30m rejected, West Ham interest","Reports last week suggested that both Everton and Fulham were interested in McTominay this summer and United rejected a £30million bid from West Ham United last summer. McTominay, who has also been linked with Newcastle United in the past, was understood to be receptive to that move amid the possibility of getting more regular game-time.",Sports,https://www.msn.com/en-gb/sport/football/scott-mctominay-manchester-united-exit-latest-galatasaray-offer-30m-rejected-west-ham-interest/ar-BB1q1QKe,https://www.bing.com/th?id=OVFT.qaNrfk9w500P0g7C-8Azui&pid=News,Manchester Evening News on MSN.com,15 July 2024,neutral
"SEA vs SF: Check our Fantasy Cricket Prediction, Tips, Playing Team Picks for Major League Cricket 2024, Match 13 on July 16th",Heinrich Klaasen has arrived in the Major League Cricket with a fascinating 51-run knock against Washington Freedom. He is a monstrous six-hitter and looking forward to more such innings in the remainder of the tournament.,Sports,https://in.ign.com/dream-11-fantasy-gaming/210661/news/sea-vs-sf-check-our-fantasy-cricket-prediction-tips-playing-team-picks-for-major-league-cricket-2024,https://www.bing.com/th?id=OVFT.XfkNC5gTRsClw6_jB0KGni&pid=News,IGN,15 July 2024,negative
Secret 'sky island' rainforest saved by new discoveries,It will be the first new species for me.” The process of definitively identifying ... but several days later the bird experts return to camp late at night bringing with them good news. They managed to record sound of the Namuli Apalis on one of the ...,ScienceAndTechnology,https://www.msn.com/en-us/news/world/secret-sky-island-rainforest-saved-by-new-discoveries/ar-BB1q2xcs,https://www.bing.com/th?id=OVFT.aIWkttkBZ90tNcdQgXEwnC&pid=News,BBC on MSN.com,15 July 2024,positive
Serena Williams’ angry Harrison Butker takedown part of star’s latest ESPN pass,"The pandering persists, thus why else would ESPN choose Serena Williams to host an awards show that celebrates and rewards sports?",Sports,https://www.msn.com/en-us/sports/other/serena-williams-angry-harrison-butker-takedown-part-of-star-s-latest-espn-pass/ar-BB1pVzyg,https://www.bing.com/th?id=OVFT.sRek8Whca1RVeRq4bWYosC&pid=News,New York Post on MSN.com,13 July 2024,neutral
Social Media Is A Double-Edged Sword For Indian Women Politicians: Lawyer Mishi Choudhary Explains Why,"Lawyer Mishi Choudhary shed light on the online harassment faced by Indian women politicians, emphasising the urgent need for systemic change.",ScienceAndTechnology,https://www.shethepeople.tv/interviews/mishi-choudhary-legal-director-sflc-women-politicians-online-trolling-6133889,https://www.bing.com/th?id=OVFT.T1IdVXRLA0b-n00ndFeqGy&pid=News,Domestic,15 July 2024,negative
"Spain XI vs England: Predicted lineup, confirmed team news, injury latest for Euro 2024 final","Predicted lineup, confirmed team news, injury latest for Euro 2024 final - La Roja have one big decision to make before facing Three Lions",Sports,https://www.msn.com/en-sg/sport/football/spain-xi-vs-england-predicted-lineup-confirmed-team-news-injury-latest-for-euro-2024-final/ar-BB1pNhdS,https://www.bing.com/th?id=OVFT.rFce6kO6fuXu6-_AOsuX4i&pid=News,Evening Standard on MSN.com,13 July 2024,neutral
Sting announced as new headliner for Bourbon & Beyond. Here's what to know,"Sting was announced as the new Thursday headliner for Bourbon & Beyond after previous headliner, Neil Young, dropped out due to illness. What to know",Entertainment,https://www.msn.com/en-us/entertainment/news/sting-announced-as-new-headliner-for-bourbon-beyond-heres-what-to-know/ar-BB1q1uJn,https://www.bing.com/th?id=OVFT.Ag7enRL-54P5eBWryqUpNC&pid=News,The Courier-Journal on MSN.com,15 July 2024,neutral
Super Star with Cricket Legend: Mahesh Babu & MS Dhoni at Anant Ambani's Wedding,The extravagant wedding of Anant Ambani and Radhika Merchant has not only been a grand affair but also a melting pot,LifeStyle,https://www.indiaglitz.com/super-star-with-cricket-legend-mahesh-babu-and-ms-dhoni-at-anant-ambanis-wedding-telugu-news-357115,https://www.bing.com/th?id=OVFT.O_tT2hCZkVqxjnU3OjjC1i&pid=News,IndiaGlitz,15 July 2024,neutral
Takeaways from Biden’s interview with NBC News,"President Joe Biden defended himself against that critics have seized on in the aftermath of the assassination attempt of former President Donald Trump, but said it was a mistake to say it was “time to put Trump in a bullseye.",Politics,https://www.msn.com/en-us/news/politics/biden-defends-his-rhetoric-but-concedes-it-was-a-mistake-to-make-bullseye-comment-about-trump/ar-BB1q26uO,https://www.bing.com/th?id=OVFT.BX-ue5XQ0u3U8PBz9nWz9S&pid=News,CNN on MSN.com,15 July 2024,negative
Tassie haunts Fremantle once again; West Coast enter new era,"It was another case of Tassie torment for Fremantle against Hawthorn while the Eagles’ new era begun yesterday as they ran out for the first time in 3,766 days without Adam Simpson calling the shots.",Sports,https://www.msn.com/en-au/sport/rugby_league/tassie-haunts-fremantle-once-again-west-coast-enter-new-era/ar-BB1pZh2b,https://www.bing.com/th?id=OVFT.6BZ9GsQzjR9f1tPOHFuddy&pid=News,WAtoday on MSN.com,15 July 2024,negative
"TEX vs NY Dream11 Prediction, Fantasy Cricket Tips, Playing XI, Pitch Report, Player Stats & Injury Updates For Match 12 of Major League Cricket 2024","Texas Super Kings will face MI New York in the 12th match of the Major League Cricket (MLC) 2024 on Monday, July 15, 2024, at Grand Prairie Stadium, Texas. This article will cover match details, pitch report, playing XI, player stats, Dream11 predictions and fantasy cricket tips for the TEX vs NY match.",Sports,https://www.probatsman.com/fantasy-cricket-tips/tex-vs-ny-dream11-prediction-major-league-cricket-2024-match-12,https://www.bing.com/th?id=OVFT.MqMKhlJfjpZg5l-8HrK4sS&pid=News,probatsman,14 July 2024,neutral
The 10 Biggest AWS News Stories Of 2024 (So Far),"AWS’ most significant news stories in 2024 included a new CEO, Adam Selipsky leaving, AWS layoffs, new AI and GenAI products, VMware and cloud computing market share.",ScienceAndTechnology,https://www.crn.com/news/cloud/2024/the-10-biggest-aws-news-stories-of-2024-so-far,https://www.bing.com/th?id=OVFT.fh-VTakfZWDAAYoHJTu7yi&pid=News,CRN,15 July 2024,neutral
The latest on the 2024 campaign,President Joe Biden is vowing to continue his reelection campaign as questions swirl around his candidacy. Follow for live news updates.,Politics,https://www.cnn.com/politics/live-news/election-biden-trump-07-13-24/index.html,https://www.bing.com/th?id=OVFT.l6NH-FTJUF-rJ2rY5TKfEC&pid=News,CNN,13 July 2024,neutral
The Latest: Trump is expected to announce his VP pick as RNC begins,"The Associated Press The Republican National Convention kicks off this week, with delegates and officials descending on Wisconsin amid the tumult that follows a Saturday assassination attempt on",Politics,https://www.msn.com/en-us/news/politics/the-latest-rnc-set-to-begin-in-the-aftermath-of-trump-assassination-attempt/ar-BB1q0H5G,https://www.bing.com/th?id=OVFT.x3I-OwCnnQur5jCmpvFK2i&pid=News,The Associated Press on MSN.com,15 July 2024,negative
The New Calculus for Democrats and Donors: Is Trump Unbeatable?,"The shooting of Donald Trump has galvanized his campaign, prompted Elon Musk to endorse him and forced Democrats to rethink plans to oust President Biden.",Business,https://www.nytimes.com/2024/07/15/business/dealbook/trump-assassination-election-democrats.html,https://www.bing.com/th?id=OVFT.oYYbdWq5RrFo0teWsR6mXy&pid=News,The New York Times,15 July 2024,neutral
The New York Liberty snapped Angel Reese's double-double streak by quadruple-teaming her,"At that point, the only real thing at stake was extending rookie Angel Reese’s record of consecutive games with a double-double. With less than 20 seconds to play, Reese had eight points and 16 rebounds, needing just one made basket to reach double figures in scoring and keep her streak alive.",Sports,https://www.msn.com/en-us/health/fitness/the-new-york-liberty-snapped-angel-reeses-double-double-streak-by-quadruple-teaming-her/ar-BB1pVvVi,https://www.bing.com/th?id=OVFT.kO31klTxpN4TrWwX-C_aky&pid=News,USA Today on MSN.com,13 July 2024,neutral
The Republican National Convention Begins With a New ‘Unity’ Message,"Nikki Haley has been invited to speak at the Republican National Convention this week, NBC News and other outlets reported over the weekend. As of last week, Haley had not received an invitation to speak at the convention despite releasing her delegates and asking them to vote for former President Donald Trump.",Politics,https://www.yahoo.com/news/republican-national-convention-begins-unity-171852190.html,https://www.bing.com/th?id=OVFT.9Ij8LLQtho1R06b6rYhPJC&pid=News,Yahoo,15 July 2024,neutral
Three cricket clubs join forces to launch girls’ team,A NEW girls’ cricket team has been formed at Wargrave Cricket Club. The club has joined forces with Sonning and Reading Cricket Clubs to form a new team in a bid to improve girls’ participation in the sport.,Sports,https://www.henleystandard.co.uk/news/events/190728/three-cricket-clubs-join-forces-to-launch-girls-team.html,https://www.bing.com/th?id=OVFT.wrv861G4X0hYSIvTsj-VsS&pid=News,Henley Standard,15 July 2024,neutral
"Transfer news LIVE as Celtic and Rangers plus Hearts, Hibs and Aberdeen FC eye signings",The noise from Celtic has been their window is likely to click into gear after players return from the summer tournaments so fans will be accepting no excuses now. Paulo Bernardo and Adam Idah are in talks over returns while Kasper Schmeichel is set to be their next No.1.,Sports,https://www.dailyrecord.co.uk/sport/football/football-transfer-news/transfer-news-live-celtic-rangers-33244212,https://www.bing.com/th?id=OVFT.P8cwMTTzJlbULVgX1hRXhC&pid=News,Daily Record,15 July 2024,negative
Transfer news LIVE! Arsenal seal Calafiori deal; Chelsea in Watkins bid; Man Utd and Spurs want Toney; latest,"Talking of strikers, Chelsea are reportedly weighing up an audacious move for Ollie Watkins. The Aston Villa talisman has jumped to the head of the queue of possible new forwards, and the Blues hope to bring his price down by offering Conor Gallagher in part exchange. Aaron Anselmino and Caleb Wiley are in talks to join.",Sports,https://www.standard.co.uk/sport/football/transfer-news-live-arsenal-fc-chelsea-man-utd-tottenham-calafiori-watkins-toney-b1169278.html,https://www.bing.com/th?id=OVFT.LDzfyrfpHZW4hMZNtJsIWC&pid=News,London Evening Standard,15 July 2024,neutral
"Transfer news, rumors, latest updates 2024: Ivan Toney eyeing Man United move and Villa Nearing Onana signing",The Sporting News has all the latest updates and rumors surrounding players eyeing up a move in the 2024 summer transfer window.,Sports,https://www.msn.com/en-in/sports/other/transfer-news-rumors-latest-updates-2024-ivan-toney-eyeing-man-united-move-and-villa-nearing-onana-signing/ar-BB1nGmgk,https://www.bing.com/th?id=OVFT.exu4-ee0fxHe4YjDJKE3KS&pid=News,Sporting News on MSN.com,13 July 2024,neutral
"Transfer news, rumors, latest updates 2024: Man Utd complete Zirkzee deal as Onana nears £50m Aston Villa move",The Sporting News has all the latest updates and rumors surrounding players eyeing up a move in the 2024 summer transfer window.,Sports,https://www.msn.com/en-ca/sports/other/transfer-news-rumors-latest-updates-2024-man-utd-complete-zirkzee-deal-as-onana-nears-50m-aston-villa-move/ar-BB1nGmgk,https://www.bing.com/th?id=OVFT.exu4-ee0fxHe4YjDJKE3KS&pid=News,Sporting News on MSN.com,14 July 2024,neutral
"Trinidad T10 Blast 2024 - Match 19, SP vs SK and Match 20, PB vs SIS - Cricket Betting Tips and Match Predictions: July 15","Here are the Fantasy Cricket Predictions and Betting Tips for the Trinidad T10 Blast, Match 19- Steelpan Players vs Soca King and Match 20- Scarlet Ibis Scorchers vs Parakeet Buccaneers, which will be played on the 15th of July at the Queens Park Oval,",Sports,https://www.cricketworld.com/trinidad-t10-blast-2024-match-19-sp-vs-sk-and-match-20-pb-vs-sis-cricket-betting-tips-and-match-predictions-july-15/95700.htm,https://www.bing.com/th?id=OVFT.AP7lPLslFnB08fJxCIG8sS&pid=News,Cricket World,15 July 2024,neutral
Trump attack: Why SPG's role protecting India's PMs deserves a praise,The SPG’s unwavering dedication to safeguarding the prime minister against a spectrum of ever-evolving threats is indispensable in India’s security framework,World,https://www.firstpost.com/india/trump-attack-why-spgs-role-protecting-indias-pms-deserves-a-praise-13793137.html,https://www.bing.com/th?id=OVFT.W1ht0gseGTPahMiSbugFTC&pid=News,Firstpost,15 July 2024,neutral
Trump campaign sues Michigan Gov. Whitmer over new voter registration sites,The Trump campaign and the Republican National Committee sued Michigan Gov. Gretchen Whitmer and others Monday for allowing federal Veterans Affairs and Small Business Administration sites to be used for voter registration efforts. In papers filed in ...,Politics,https://www.yahoo.com/news/trump-campaign-sues-michigan-gov-222455700.html,https://www.bing.com/th?id=OVFT.egCQvAhUDQTsDf5UU0gIKC&pid=News,Yahoo,15 July 2024,neutral
Trump latest: Ex-president expected to reveal running mate and address shooting - after calling on Secret Service to protect JFK's nephew,"The Secret Service has denied claims it diverted security resources from Donald Trump's rally in Pennsylvania on Saturday toward a Jill Biden speech. Elsewhere, Mr Trump has promised to use a speech at the Republican National Convention to ""bring the country together"".",Politics,https://news.sky.com/story/trump-shooting-assassination-attempt-biden-latest-live-sky-news-blog-13177655?postid=7974852,https://www.bing.com/th?id=OVFT.tRlRTi1cDMLeJUMHlmql-S&pid=News,Sky,15 July 2024,neutral
"Trump maintains edge over Biden in battleground states on eve of GOP convention, CBS News poll finds","Nationally, about half of Democrats continue to say Biden should step aside as nominee in the wake of his poor debate performance against Trump in June.",Politics,https://www.msn.com/en-us/news/politics/poll-trump-maintains-edge-over-biden-in-battlegrounds-on-eve-of-gop-convention/ar-BB1pXF2W,https://www.bing.com/th?id=OVFT.bBjY46FnLslchcHOrbgjbi&pid=News,CBS News on MSN.com,14 July 2024,negative
Trump shooting latest: Ex-president says he is ‘supposed to be dead’ as he calls assassination attempt ‘surreal’,"The FBI has identified 20-year-old Thomas Matthew Crooks as the “subject involved” in the shooting during Donald Trump ’s rally in Pennsylvania on Saturday. The former president was shot in the ear but said he was “fine” despite the injury. The shooting is being investigated as an assassination attempt, the FBI stated.",World,https://www.msn.com/en-us/money/careersandeducation/trump-shooting-live-updates-ex-president-calls-on-america-to-stand-united-after-assassination-attempt/ar-BB1pckYd,https://www.bing.com/th?id=OVFT.R8gvG6uitrAjbtUcn_qdmy&pid=News,The Independent on MSN.com,15 July 2024,neutral
Trump shooting latest: Secret Service denies diverting resources to Jill Biden speech - as Trump gives first interview,"The Secret Service has denied claims it diverted security resources from Donald Trump's rally in Pennsylvania on Saturday toward a Jill Biden speech. Elsewhere, Mr Trump has promised to use a speech at the Republican National Convention to ""bring the country together"".",Politics,https://news.sky.com/story/trump-shooting-assassination-attempt-biden-latest-live-sky-news-blog-13177655?postid=7974564,https://www.bing.com/th?id=OVFT.MaSM0GNKitUcRCdhdGXL6C&pid=News,Sky,15 July 2024,neutral
Trump's assassination attempt ignites new divisions and conspiracy theories,And in this wildly polarised environment that might have put America on a truly tragic path. Want an expert briefing on US politics and the presidential race? Listen to our latest podcast Talking Politics USA.,Politics,https://www.itv.com/news/2024-07-14/trumps-assassination-attempt-ignites-new-divisions-and-conspiracy-theories,https://www.bing.com/th?id=OVFT.KA7Hwtuy4EAEF0KPtHrfyi&pid=News,ITV,14 July 2024,negative
Under-fire ABC News host George Stephanopoulos suggests Trump is to blame for 'violent rhetoric' after assassination attempt,During Sunday's episode of ABC's This Week Stephanopoulos blamed Trump's own 'violent rhetoric' for the attempt on his life.,World,https://www.dailymail.co.uk/news/article-13637097/george-stephanopoulos-abc-news-trump-assassination-attempt.html,https://www.bing.com/th?id=OVFT.2SnF-nwzVBKohVbc1LTcXC&pid=News,Daily Mail,15 July 2024,negative
USD/INR recovers ahead of Indian WPI Inflation data,Traders await India’s Wholesale Price Index (WPI) Inflation data on Monday for fresh impetus.,Business,https://www.fxstreet.com/news/usd-inr-grinds-flat-ahead-of-indian-wpi-inflation-data-202407150232,https://www.bing.com/th?id=OVFT.FF16c4Cp4GNeBuO_cNu3IC&pid=News,FXStreet,15 July 2024,neutral
UWE Bristol’s Graduation ceremonies get underway at new venue,"UWE Bristol's Graduation ceremonies have started today (Monday 15 July) and nearly 6,000 graduates will cross the stage at the Bristol Beacon over the next fortnight.",Politics,https://www.uwe.ac.uk/news/graduation-2024,https://www.bing.com/th?id=OVFT.8B825mflsOKQ4lqumLGnIS&pid=News,University of the West of England%2c Bristol,15 July 2024,neutral
Victim and hero: Donald Trump’s shooting seals his political edge for 2024,"The image allows Trump to position himself as both the hero and the victim, and is already charging up his base. It allows his supporters to neutralise the Democratic narrative that has painted Trump as the source,",Politics,https://www.msn.com/en-in/news/world/victim-and-hero-donald-trump-s-shooting-seals-his-political-edge-for-2024/ar-BB1pXEKL,https://www.bing.com/th?id=OVFT.VpNhZrBMbZRjZSC38KR0pC&pid=News,Hindustan Times on MSN.com,15 July 2024,negative
Viral ‘Spirit of Cricket’ Moment from India-Pakistan Legends Clash,"In a fiercely contested game that came down to the wire, the Yuvraj Singh-led squad proved their superiority in the battle and won the coveted championship.",Sports,https://www.cricketcountry.com/news/viral-spirit-of-cricket-moment-from-india-pakistan-legends-clash-1167708/,https://www.bing.com/th?id=OVFT.4nUG7XPdEC6Q2jruxROuji&pid=News,Cricket Country,15 July 2024,neutral
WATCH: Jonathan Bennett to star in new rom-com trilogy and a Christmas competition series,Jonathan Bennett is booked & busy! Watch the trailers to his new projects... 'The Groomsmen' will premiere in the fall.,Entertainment,https://www.msn.com/en-us/tv/news/watch-jonathan-bennett-to-star-in-new-rom-com-trilogy-and-a-christmas-competition-series/ar-BB1pYiGl,https://www.bing.com/th?id=OVFT.GXGq9qBX8mQEjQ7177typi&pid=News,Queerty on MSN.com,14 July 2024,neutral
Watch: 'Spirit Of Cricket Moment' In India vs Pakistan Legends Match Sets Social Media Ablaze,A 'spirit of cricket moment' between Robin Uthappa and Misbah-ul-Haq in India vs Pakistan World Championship of Legends match has impressed fans on social media.,Sports,https://sports.ndtv.com/cricket/spirit-of-cricket-moment-in-india-vs-pakistan-legends-match-sets-social-media-ablaze-6101621,https://www.bing.com/th?id=OVFT.rHyNYbITiEV-4tk1aer3_y&pid=News,NDTV,15 July 2024,positive
What happened to Morning Joe? Why the news show isn’t on today,"Joe Scarborough, a former Republican congressman, hosts “Morning Joe” weekdays from 6 to 10 p.m. The show typically features guests from the news and political realm discussing latest issues. “Morning Joe” was kept off the air Monday partly over ...",Politics,https://www.usatoday.com/story/news/2024/07/15/where-is-morning-joe-msnbc-joe-scarborough-not-on-air/74405887007/,https://www.bing.com/th?id=OVFT.jRGDLSKVOabg4R-Ihl75RS&pid=News,USA Today,15 July 2024,neutral
What happened to Morning Joe? Why the news show isn’t on today,"The show typically features guests from the news and political realm discussing latest issues. “Morning Joe” was kept off the air Monday partly over concerns a guest might make an impertinent statement, CNN is reporting.",Politics,https://www.usatoday.com/story/news/2024/07/15/where-is-morning-joe-msnbc-joe-scarborough-not-on-air/74405726007/,https://www.bing.com/th?id=OVFT.jRGDLSKVOabg4R-Ihl75RS&pid=News,USA Today,15 July 2024,neutral
"Where to watch 2024 MLB Home Run Derby: TV channel, time, live stream online, odds, new format explained","This year's addition brings about a new round of format tweaks. Gone are head-to-head match-ups in the first round. Instead, all eight participants will compete against each other in the first round, and four will advance. Here's how the new format works: ...",Sports,https://www.cbssports.com/mlb/news/where-to-watch-2024-mlb-home-run-derby-tv-channel-time-live-stream-online-odds-new-format-explained/,https://www.bing.com/th?id=OVFT.LbeqfcNrELWd42colj8L6S&pid=News,CBSSports.com,16 July 2024,neutral
"Why is Argentina vs. Colombia delayed? Copa America final odds, new start time, live stream","Our crew brings you all the news, views, highlights and laughs you need to follow the Beautiful Game in every corner of the globe, every Monday-Friday all year long.",Sports,https://www.cbssports.com/soccer/news/copa-america-2024-argentina-vs-colombia-live-stream-starting-lineups-prediction-tv-channel-odds/,https://www.bing.com/th?id=OVFT.XbDT8S96ombrEWwwdtdnTS&pid=News,CBSSports.com,14 July 2024,positive
"Wimbledon 2024 live updates: Barbora Krejcikova beats Jasmine Paolini in women's final, doubles latest","Follow live coverage as Barbora Krejcikova defeats Jasmine Paolini in Ladies' singles final; Taylor Townsend, Henry Patten in doubles finals action",Sports,https://www.nytimes.com/athletic/live-blogs/wimbledon-2024-live-updates-krejcikova-paolini-womens-final-result/wBtb35RgvV21/,https://www.bing.com/th?id=OVFT.vC46Ghu1pg1VQHmNFAVFPS&pid=News,The New York Times,13 July 2024,neutral
Wimbledon 2024 LIVE! Alcaraz vs Djokovic latest score and updates from men's final,"Reigning champion Carlos Alcaraz faces off against Novak Djokovic, the seven-time king of Centre Court, in what promises to be a thrilling repeat of last year’s showpiece in SW19. The greatest tennis tournament in the world signs off for another year this afternoon with arguably the two best players on the planet doing battle.",Sports,https://www.msn.com/en-us/sports/tennis/wimbledon-2024-live-alcaraz-vs-djokovic-latest-score-and-updates-from-mens-final/ar-BB1pXlid,https://www.bing.com/th?id=OVFT.UrvkMrE9HGR4Mnu1hSeeQS&pid=News,Evening Standard on MSN.com,14 July 2024,positive
Wimbledon 2024 LIVE! Krejcikova vs Paolini latest score and updates from women's final,"The women’s singles final takes centre stage at Wimbledon today as Barbora Krejcikova takes on Jasmine Paolini. It is a battle between the Czech former French Open champion and in-form Italian seventh seed, who has now reached back-to-back Grand Slam finals after producing another brilliant run at Roland Garros last month.",Sports,https://www.standard.co.uk/sport/tennis/wimbledon-2024-live-krejcikova-vs-paolini-latest-score-updates-womens-final-b1170512.html,https://www.bing.com/th?id=OVFT.VvjvMPjDPeVaC_dgLvKVWC&pid=News,London Evening Standard,13 July 2024,positive
WWE Rumors: Natalya Agrees to New Contract Ahead of SummerSlam 2024,"Despite the reported recent expiration of her contract, veteran Superstar Natalya is reportedly staying in WWE. According to PWInsider.com",Sports,https://bleacherreport.com/articles/10128160-wwe-rumors-natalya-agrees-to-new-contract-ahead-of-summerslam-2024,https://www.bing.com/th?id=OVFT.EI-Ef5PGYZ1s-u01GWfMMS&pid=News,Bleacher Report,13 July 2024,neutral
YouTube Music's latest features include 'hum to search' and AI-generated conversational radio,YouTube Music unveils new features like a ‘hum to search’ tool and AI-generated conversational radio. That last one is still in beta and only available to select users.,ScienceAndTechnology,https://www.msn.com/en-us/news/technology/youtube-music-s-latest-features-include-hum-to-search-and-ai-generated-conversational-radio/ar-BB1q1IIs,https://www.bing.com/th?id=OVFT.bjR7YitvJvtXQxcx826hzy&pid=News,Engadget on MSN.com,15 July 2024,neutral

